{"cameraMode":{"drawMode":0,"name":"Shaded","section":"Shading Mode"},"sceneLighting":true,"audioPlay":false,"sceneViewState":{"showFog":true,"showMaterialUpdate":false,"showSkybox":true,"showFlares":true,"showImageEffects":true,"showParticleSystems":true},"in2DMode":false,"pivot":{"x":5.039114952087402,"y":-13.745141983032227,"z":-30.418907165527345},"rotation":{"x":-0.15524840354919434,"y":0.8193477392196655,"z":-0.2618361711502075,"w":-0.48580974340438845},"size":4.801125526428223,"orthographic":false}